subjects,
dragon
wizard
castle
vampire
witch
centaur
phoenix
angel
devil
unicorn
squirrel
lumberjack
duck
apple tree
mammoth
boar
fox
bigfoot
lizard
wolf
gorilla
palm tree
snake
panther
tiger
parrot
crocodile
pineapple
moskito
sloth
whale
surfer
boat
turtle
jellyfish
shark
octopus
desert island
pirateship
shrimp
penguin
polar bear
climber
snowflake
skis
igloo
roe deer
eagle
bobcat
yeti
UFO
space rocket
ISS
jupiter
alien
astronaute
saturn
earth
galaxy
black-hole
king-kong
helicopter
truck
soldier
t-rex
elephant
hippopotamus
horse
tombstone
diplodocus

